{"step": 100000, "actor loss": 25.03103256225586, "q loss": 0.40563279390335083, "v loss": 1.2142702341079712, "alpha loss": -8.09285556897521e-05, "_timestamp": 1779721834.628543, "_runtime": 2648.29022192955, "_step": 100519, "episode": 500, "return": -125.14241244002085, "eval/mean_return": -146.8760585389905, "eval/std_return": 81.84277243613826, "_wandb": {"runtime": 2646}}